{"cameraMode":{"drawMode":0,"name":"Shaded","section":"Shading Mode"},"sceneLighting":true,"audioPlay":false,"sceneViewState":{"showFog":true,"showMaterialUpdate":false,"showSkybox":true,"showFlares":true,"showImageEffects":true,"showParticleSystems":true,"showVisualEffectGraphs":true,"m_FxEnabled":true},"in2DMode":false,"pivot":{"x":-2.823669910430908,"y":3.1457631587982179,"z":-2.1092302799224855},"rotation":{"x":0.48305773735046389,"y":-0.045922715216875079,"z":0.025393549352884294,"w":0.8740295767784119},"size":5.110822677612305,"orthographic":true}